<launch>       
    <!-- SLAM -->
    <include file="$(find-pkg-share nav2_custom)/launch/online_async_launch.py"/>

    <!-- Navigation -->
    <include file="$(find-pkg-share nav2_custom)/launch/navigation_launch.py">
        <arg name="use_sim_time" value="true"/>
    </include>

    <!-- Exploration -->
    <node pkg="ecte477_starter_python" exec="maze_explorer3" name="maze_explorer3" output="screen"/>

    <executable cmd="ros2 topic pub /start_explore std_msgs/msg/String &quot;data: 'start'&quot; --once">
    </executable>
    
    <!-- Image Processing -->
    <node name="image_processing" pkg="demo2_kasun" exec="image_processing_node" output="screen">
        <param from="/home/kasun/ecte_ws/src/demo2_kasun/params/beacons_24.yaml"/>
    </node>

    <!-- RViz (don't change) -->
    <node name="rviz2" pkg="rviz2" exec="rviz2" args="-d $(find-pkg-share demo2_kasun)/config/my_layout.rviz"/>

</launch>